{"1": {"id": 1, "timestamp": "2021-11-03 14:08:16", "extra": {"start_fmap": {"32": [-51.0, 227.2000000000001, -2.3547556175248516], "33": [-57.5, 317.2000000000002, 5.260257850104507], "34": [59.0, 331.70000000000016, -0.5394166319668479]}, "end_fmap": {"15": [-217.5, 222.2000000000001, -1.4076939605601464], "32": [-48.0, 227.2000000000001, -7.2208513231855855], "33": [-57.5, 317.2000000000002, 5.043797567934982], "34": [25.0, 331.70000000000016, -0.8136607664328654]}, "desired_fmap": {"32": [-51.0, 227.2000000000001, 0], "33": [-57.5, 317.2000000000002, 0], "34": [59.0, 331.70000000000016, 0], "15": [-82, 181, 0]}}}}