{"1": {"id": 1, "timestamp": "2021-11-03 14:13:29", "extra": {"start_fmap": {"5": [-138.5, 251.70000000000005, 11.766188631302661], "15": [-91.5, 172.19999999999996, 0.5673851655683527], "17": [117.5, 226.2, 40.761615483177664], "32": [-51.5, 228.2000000000001, 6.449546025476574], "33": [-57.5, 320.20000000000016, 4.831003275285625], "34": [41.0, 333.2000000000001, -0.8435344272067121], "42": [117.5, 302.2000000000001, -4.807531527040568]}, "end_fmap": {"5": [29.5, 137.19999999999996, -20.367344011924228], "15": [129.0, 257.20000000000016, -22.337643476737515], "16": [-145.5, 287.2000000000002, 21.15879002207882], "17": [127.5, 289.70000000000016, -16.217004959388127], "32": [-87.0, 237.2000000000001, 31.102915380058434], "33": [-72.5, 297.20000000000016, 10.37103485504149], "34": [-207.5, 224.7000000000001, 10.98379889898633], "42": [-182.5, 192.2, 17.89077949087812]}, "desired_fmap": {"5": [63.75038961184616, 335.97191413567145, 0], "15": [63.48275624967199, 264.9861876963591, 0], "17": [120.37032791833495, 293.16264037234976, 0], "32": [-152.36273113426978, 207.1130998002992, 0], "33": [-276.77739032545026, 166.24841963024608, 0], "34": [-160.72927706009, 307.2419177888394, 0], "42": [-181.80497318844678, 240.79063408253774, 0], "16": [-125.93296654715995, 336.23948972052835, 0]}}}}