{"cluster_ids":[0.0,0.0,4.0,4.0,2.0,1.0,3.0,0.0,4.0,0.0,2.0],"cluster_locs":[[[-80,130],[-80,190],[0,190],[0,130],[80,130],[80,190]],[[-160,0],[-160,60],[-240,60],[-240,0],[-320,0],[-320,60]],[[160,0],[160,60],[240,60],[240,0],[320,0],[320,60]],[[-210,170],[-290,170],[-260,230],[-180,230],[-190,290],[-110,290]],[[210,170],[290,170],[260,230],[180,230],[190,290],[110,290]]],"embedding_dict":{"algorithm":[0.19713830947875977,-0.015992918983101845,-0.16965362429618835,-0.1071028783917427,0.3325577676296234,-0.26471519470214844,0.1032140925526619,-0.479144424200058,0.27929189801216125,-0.13044051826000214,0.10441350936889648,0.19733698666095734,-0.23420342803001404,-0.11838927119970322,0.08271977305412292,0.1734604686498642,-0.03430867940187454,0.21371902525424957,0.2395523488521576,-0.05976206064224243,-0.04297028109431267,-0.17933088541030884,-0.03576386719942093,0.015575235709547997,-0.32515767216682434],"apple":[0.1539100483059883,-0.0005865094717592001,0.06308097741566598,-0.09775661304593086,0.13998285122215748,-0.03847513161599636,0.025819485308602452,-0.09449954703450203,0.19316986203193665,0.12020407244563103,0.19519764184951782,-0.060869221575558186,-0.7347971498966217,-0.2154489979147911,0.0392524185590446,0.08736085519194603,0.15254390612244606,0.15329372510313988,0.0136062977835536,-0.04852735932217911,-0.11139876395463943,-0.2160632610321045,0.034099921700544655,-0.05441349791362882,-0.0718133095651865],"bird":[0.13067206492026648,-0.04161669632109503,0.1240784612018615,-0.04868239536881447,0.13377200874189535,-0.03861984424293041,0.12353995977900922,-0.10447688773274422,0.1733565330505371,0.14504925534129143,0.1189008355140686,-0.03990945934007565,-0.7475412388642629,-0.17227584371964136,0.060337145968029894,0.15256178254882494,0.14558851594726244,0.08677725866436958,-0.029177472926676273,-0.04071772449727481,-0.1041861226161321,-0.05762392779191335,0.07488614076282829,-0.07633858965709805,-0.058030642569065094],"cat":[-0.22180718183517456,-0.14027689397335052,0.15516310930252075,0.08077573776245117,0.0950477346777916,-0.04886387661099434,0.31737020611763,0.029569994658231735,0.07261833548545837,0.15257741510868073,0.07800829410552979,-0.043556734919548035,-0.7648999094963074,-0.26434481143951416,-0.09498561918735504,0.05049489811062813,0.20027725398540497,-0.11643962562084198,-0.02940206415951252,-0.015404969453811646,0.015127995051443577,0.10105190426111221,0.04044192656874657,-0.12895868718624115,0.031122799962759018],"computer":[0.12175382673740387,-0.003712060395628214,0.13343937695026398,-0.1257828027009964,0.22300134599208832,-0.11196482926607132,0.04930074140429497,-0.15511177480220795,0.22271600365638733,0.21710434556007385,-0.02930423617362976,-0.021626735106110573,-0.7307322025299072,-0.16593940556049347,0.09033618122339249,0.21953922510147095,0.185808464884758,0.21128346025943756,-0.027719659730792046,-0.09894198179244995,-0.09936238825321198,-0.17567133903503418,0.06591503322124481,0.011782377026975155,-0.10914187878370285],"dog":[-0.24858082830905914,-0.07201238721609116,0.11465340107679367,0.07340339571237564,0.12012939155101776,-0.03782351315021515,0.2547653317451477,-0.07389575988054276,0.017828969284892082,0.08073673397302628,0.050296589732170105,-0.05113319680094719,-0.7847508788108826,-0.22216162085533142,-0.04264702647924423,-0.047726720571517944,0.19078278541564941,-0.10557679831981659,-0.00015621163765899837,-0.07159408181905746,0.11124492436647415,0.15585137903690338,0.09381624311208725,-0.15571928024291992,0.15687011182308197],"hamster":[-0.16048215329647064,-0.1365649551153183,0.25357940793037415,0.3278043866157532,0.07757286727428436,-0.04148206114768982,0.04431333765387535,0.13982048630714417,0.14659996330738068,0.000732581305783242,0.1672414243221283,-0.0445355661213398,-0.5226457118988037,-0.4135795831680298,-0.036930665373802185,0.23924410343170166,0.2610948383808136,-0.05312463268637657,-0.03295360505580902,0.08087169378995895,0.004340420942753553,0.3335188925266266,-0.015240104869008064,-0.09466152638196945,-0.03558862581849098],"melon":[-0.2985829710960388,-0.16359256207942963,0.1986640989780426,0.11532322317361832,0.03649460896849632,0.08051711320877075,0.1837298423051834,0.1729496568441391,0.22872130572795868,-0.18372343480587006,0.3826945424079895,0.13587942719459534,-0.3445114195346832,-0.20318275690078735,-0.010957976803183556,0.003993236925452948,0.1550445258617401,-0.07550917565822601,-0.014774369075894356,0.47955942153930664,-0.28164681792259216,-0.009301137179136276,0.01791728101670742,0.04307911917567253,0.08495902270078659],"orange":[-0.09695509821176529,-0.21299391984939575,-0.035631388425827026,-0.012396344915032387,-0.11691618710756302,0.2454214096069336,0.11985600739717484,-0.10696401447057724,0.11510252952575684,0.035530995577573776,0.19973307847976685,-0.05528692901134491,-0.739734411239624,-0.16966049373149872,0.022313814610242844,-0.017337510362267494,0.1871575564146042,-0.12466839700937271,-0.001972123049199581,0.3467109501361847,-0.15376760065555573,-0.03614209592342377,0.09131553024053574,-0.04734483361244202,0.059479497373104095],"road":[-0.2091754823923111,0.04771796241402626,0.08770935982465744,-0.08443637937307358,-0.17782442271709442,0.0996287390589714,0.1759423017501831,-0.06195814907550812,0.2435225397348404,0.05929569527506828,-0.015959763899445534,0.04447329044342041,-0.7902454137802124,0.2302810251712799,0.19301678240299225,-0.01458203885704279,0.02281583473086357,-0.016604654490947723,-0.018212031573057175,0.01938941702246666,-0.09202750772237778,-0.10943353176116943,0.18185953795909882,-0.16339825093746185,0.032351747155189514],"robot":[-0.00943501852452755,-0.11180949211120605,0.07785764336585999,0.10258740931749344,0.21313194930553436,0.051582835614681244,0.19533531367778778,0.17898434400558472,0.34798160195350647,0.046887461096048355,0.2537247836589813,-0.01584349200129509,-0.5993149876594543,-0.21445412933826447,0.06442207098007202,0.2327326387166977,0.2190561443567276,0.06296436488628387,0.18706496059894562,0.054495230317115784,-0.049263760447502136,0.11425807327032089,-0.1312565803527832,-0.27437055110931396,-0.056949835270643234]},"location_dict":{"algorithm":[-210,170],"apple":[1057.0028076171875,330.97442626953125],"bird":[1054.0028076171875,328.2471618652344],"cat":[-80,130],"computer":[290,170],"dog":[-80,190],"hamster":[0,130],"melon":[-160,0],"orange":[240,60],"road":[160,60],"robot":[0,190]},"num_clusters":5,"word_order":["cat","dog","computer","apple","orange","melon","algorithm","robot","bird","hamster","road"]}
